City,thai,indpak,chinese,colombian ,srilankan,caribbean,korean,mexican,laotian,indonesian,ethiopian,malaysian,cajun,senegalese,
New York,,,,,,,,,,,,,,,
Los Angeles,,,,,,,,,,,,,,,
Chicago,,,,,,,,,,,,,,,
Houston,,,,,,,,,,,,,,,
Phoenix,,,,,,,,,,,,,,,
Philadelphia,,,,,,,,,,,,,,,
San Antonio,,,,,,,,,,,,,,,
San Diego,,,,,,,,,,,,,,,
Dallas,,,,,,,,,,,,,,,
San Jose,,,,,,,,,,,,,,,
Austin,,,,,,,,,,,,,,,
Jacksonville,,,,,,,,,,,,,,,
Fort Worth,,,,,,,,,,,,,,,
Columbus,,,,,,,,,,,,,,,
San Francisco,,,,,,,,,,,,,,,
Charlotte,,,,,,,,,,,,,,,
Indianapolis,,,,,,,,,,,,,,,
Seattle,,,,,,,,,,,,,,,
Denver,,,,,,,,,,,,,,,
Washington Dc.,,,,,,,,,,,,,,,